Task,Agent,Success,n-weighted benchmark ms,n-weighted agent ms,n-weighted speedup
minimum_spanning_tree,SingleAgent,True,2.578,2.712,0.951
minimum_spanning_tree,MultiAgent,True,4.755,9.052,0.525
minimum_spanning_tree,MultiAgentNoResearcher,True,4.124,1.071,3.850
minimum_spanning_tree,MultiAgentNoResearcherOrTester,True,6.145,1.715,3.582
shortest_path_dijkstra,SingleAgent,True,8.623,11.655,0.740
shortest_path_dijkstra,MultiAgent,True,19.453,20.967,0.928
shortest_path_dijkstra,MultiAgentNoResearcher,True,13.484,13.910,0.969
shortest_path_dijkstra,MultiAgentNoResearcherOrTester,True,12.865,23.664,0.544
stable_matching,SingleAgent,True,0.466,0.461,1.012
stable_matching,MultiAgent,True,1.095,0.525,2.084
stable_matching,MultiAgentNoResearcher,True,0.532,0.531,1.003
stable_matching,MultiAgentNoResearcherOrTester,True,0.631,0.794,0.795
graph_laplacian,SingleAgent,True,0.758,0.696,1.089
graph_laplacian,MultiAgent,True,1.667,1.047,1.592
graph_laplacian,MultiAgentNoResearcher,True,0.529,0.492,1.076
graph_laplacian,MultiAgentNoResearcherOrTester,True,0.595,0.666,0.893
pagerank,SingleAgent,True,0.896,0.949,0.944
pagerank,MultiAgent,False,1.631,0.772,2.112
pagerank,MultiAgentNoResearcher,True,2.010,4.060,0.495
pagerank,MultiAgentNoResearcherOrTester,False,2.355,5.711,0.412
cholesky_factorization,SingleAgent,True,0.052,0.379,0.138
cholesky_factorization,MultiAgent,True,0.138,0.885,0.156
cholesky_factorization,MultiAgentNoResearcher,False,0.119,N/A,N/A
cholesky_factorization,MultiAgentNoResearcherOrTester,True,0.066,0.374,0.176
qr_factorization,SingleAgent,True,0.900,0.758,1.186
qr_factorization,MultiAgent,True,1.479,13.776,0.107
qr_factorization,MultiAgentNoResearcher,True,1.274,2.215,0.575
qr_factorization,MultiAgentNoResearcherOrTester,False,1.190,N/A,N/A
lu_factorization,SingleAgent,True,1.850,1.424,1.299
lu_factorization,MultiAgent,True,22.621,33.426,0.677
lu_factorization,MultiAgentNoResearcher,True,11.528,3.771,3.057
lu_factorization,MultiAgentNoResearcherOrTester,True,2.116,1.610,1.314
matrix_sqrt,SingleAgent,True,19.657,18.585,1.058
matrix_sqrt,MultiAgent,True,36.871,245.19,0.150
matrix_sqrt,MultiAgentNoResearcher,True,47.513,73.382,0.647
matrix_sqrt,MultiAgentNoResearcherOrTester,True,40.859,54.968,0.743
toeplitz_solver,SingleAgent,True,0.077,0.063,1.220
toeplitz_solver,MultiAgent,True,0.154,0.104,1.486
toeplitz_solver,MultiAgentNoResearcher,True,0.089,0.144,0.618
toeplitz_solver,MultiAgentNoResearcherOrTester,True,0.088,0.077,1.141
